{"actions":[],"apps":[{"acl":{"app":[],"field":[],"record":[]},"app":null,"category":{"categories":[],"useCategory":"false"},"form":{"layout":"[{\"id\":null,\"type\":\"ROW\",\"isSubTable\":false,\"var\":null,\"label\":null,\"controlList\":[{\"isVirtical\":true,\"styleMap\":{\"width\":193},\"type\":\"SINGLE_LINE_TEXT\",\"var\":\"name\",\"label\":\"Name\"},{\"isVirtical\":true,\"styleMap\":{\"width\":315,\"height\":162,\"innerHeight\":125},\"type\":\"EDITOR\",\"var\":\"Activity\",\"label\":\"Activity\"},{\"isVirtical\":true,\"styleMap\":{\"width\":315,\"height\":162,\"innerHeight\":125},\"type\":\"MULTIPLE_LINE_TEXT\",\"var\":\"favorite_sport\",\"label\":\"favorite sport\"},{\"isVirtical\":true,\"styleMap\":{\"width\":193},\"type\":\"DECIMAL\",\"var\":\"weight\",\"label\":\"weight(kg)\"}]},{\"id\":null,\"type\":\"ROW\",\"isSubTable\":false,\"var\":null,\"label\":null,\"controlList\":[{\"isVirtical\":true,\"styleMap\":{\"width\":193},\"type\":\"DECIMAL\",\"var\":\"height\",\"label\":\"height(cm)\"},{\"isVirtical\":true,\"styleMap\":{\"width\":193},\"type\":\"CALC\",\"var\":\"bmi\",\"label\":\"BMI\"},{\"isVirtical\":true,\"styleMap\":{\"width\":294},\"type\":\"SINGLE_CHECK\",\"var\":\"sex\",\"label\":\"Sex\",\"align\":\"horizontal\"},{\"isVirtical\":true,\"styleMap\":{\"width\":240},\"type\":\"MULTIPLE_CHECK\",\"var\":\"diet\",\"label\":\"diet\",\"align\":\"horizontal\"}]},{\"id\":null,\"type\":\"ROW\",\"isSubTable\":false,\"var\":null,\"label\":null,\"controlList\":[{\"isVirtical\":true,\"styleMap\":{\"width\":197},\"type\":\"MULTIPLE_SELECT\",\"var\":\"target\",\"label\":\"target\"},{\"isVirtical\":true,\"styleMap\":{\"width\":196},\"type\":\"SINGLE_SELECT\",\"var\":\"bedtime\",\"label\":\"bedtime\"},{\"isVirtical\":true,\"styleMap\":{\"width\":120},\"type\":\"DATE\",\"var\":\"start_date\",\"label\":\"start date\"},{\"isVirtical\":true,\"styleMap\":{\"width\":101},\"type\":\"TIME\",\"var\":\"start_time\",\"label\":\"start time\"},{\"isVirtical\":true,\"styleMap\":{\"width\":196},\"type\":\"DATETIME\",\"var\":\"final_day\",\"label\":\"final date\"}]},{\"id\":null,\"type\":\"ROW\",\"isSubTable\":false,\"var\":null,\"label\":null,\"controlList\":[{\"isVirtical\":true,\"styleMap\":{\"width\":260},\"type\":\"FILE\",\"var\":\"profile_pic\",\"label\":\"Profile pic\"},{\"isVirtical\":true,\"styleMap\":{\"width\":193},\"type\":\"LINK\",\"var\":\"phone_number\",\"label\":\"phone\"},{\"isVirtical\":true,\"styleMap\":{\"width\":344},\"type\":\"USER_SELECT\",\"var\":\"user\",\"label\":\"User\"},{\"isVirtical\":true,\"styleMap\":{\"width\":344},\"type\":\"ORGANIZATION_SELECT\",\"var\":\"department\",\"label\":\"department\"}]},{\"id\":null,\"type\":\"ROW\",\"isSubTable\":false,\"var\":null,\"label\":null,\"controlList\":[{\"isVirtical\":true,\"styleMap\":{\"width\":344},\"type\":\"GROUP_SELECT\",\"var\":\"group\",\"label\":\"Group\"},{\"isVirtical\":true,\"styleMap\":{\"width\":136},\"type\":\"CREATOR\",\"var\":\"Created_by\",\"label\":\"Created by\"},{\"isVirtical\":true,\"styleMap\":{\"width\":196},\"type\":\"CREATED_AT\",\"var\":\"Created_datetime\",\"label\":\"Created datetime\"},{\"isVirtical\":true,\"styleMap\":{\"width\":136},\"type\":\"MODIFIER\",\"var\":\"Updated_by\",\"label\":\"Updated by\"},{\"isVirtical\":true,\"styleMap\":{\"width\":196},\"type\":\"MODIFIED_AT\",\"var\":\"Updated_datetime\",\"label\":\"Updated datetime\"}]}]","revision":null},"iconMeta":null,"info":{"automaticallyChooseTitleComponent":"true","code":null,"decimalPrecision":"16","decimalScale":"4","description":"","enableBulkDeletion":"false","enableRecordReuse":"true","fiscalYearStartMonth":"1","iconKey":"APP89","iconType":"PRESET","jsFiles":null,"jsScope":"ALL","name":"Fitness record","roundingMode":"HALF_EVEN","theme":"PLAIN","titleComponentLocalId":null,"useComment":"true","useHistory":"true","useThumbnail":"true"},"jsFiles":[],"notification":{"appNotifications":[{"events":["RECORD_COMMENT_ADDED"],"target":{"entityId":"5948493","entityType":"FIELD_ENTITY","includeSubs":"false"}},{"events":["RECORD_COMMENT_ADDED"],"target":{"entityId":"5948494","entityType":"FIELD_ENTITY","includeSubs":"false"}},{"events":["RECORD_STATUS_UPDATED"],"target":{"entityId":"5948498","entityType":"FIELD_ENTITY","includeSubs":"false"}}],"recordNotifications":[],"reminderTimezone":null,"reminders":[],"useComment":"true","useReminder":"false"},"plugins":[{"enabled":"true","id":"olgagkjanfjckhghbkahcmffcojlapha"}],"reports":[],"resource":{"tables":[{"rows":[{"fields":[],"objectId":"0","subObjectId":"-1"}],"type":"AppName"},{"rows":[{"fields":[],"objectId":"0","subObjectId":"-1"}],"type":"AppDescription"},{"rows":[{"fields":[],"objectId":"5948492","subObjectId":"-1"},{"fields":[],"objectId":"5948493","subObjectId":"-1"},{"fields":[],"objectId":"5948494","subObjectId":"-1"},{"fields":[],"objectId":"5948495","subObjectId":"-1"},{"fields":[],"objectId":"5948496","subObjectId":"-1"},{"fields":[],"objectId":"5948497","subObjectId":"-1"},{"fields":[],"objectId":"5948498","subObjectId":"-1"},{"fields":[],"objectId":"5948499","subObjectId":"-1"},{"fields":[],"objectId":"5948500","subObjectId":"-1"},{"fields":[],"objectId":"5948501","subObjectId":"-1"},{"fields":[],"objectId":"5948502","subObjectId":"-1"},{"fields":[],"objectId":"5948503","subObjectId":"-1"},{"fields":[],"objectId":"5948504","subObjectId":"-1"},{"fields":[],"objectId":"5948505","subObjectId":"-1"},{"fields":[],"objectId":"5948537","subObjectId":"-1"},{"fields":[],"objectId":"5948537","subObjectId":"5948506"},{"fields":[],"objectId":"5948537","subObjectId":"5948507"},{"fields":[],"objectId":"5948537","subObjectId":"5948508"},{"fields":[],"objectId":"5948538","subObjectId":"-1"},{"fields":[],"objectId":"5948538","subObjectId":"5948509"},{"fields":[],"objectId":"5948538","subObjectId":"5948510"},{"fields":[],"objectId":"5948539","subObjectId":"-1"},{"fields":[],"objectId":"5948539","subObjectId":"5948514"},{"fields":[],"objectId":"5948539","subObjectId":"5948519"},{"fields":[],"objectId":"5948539","subObjectId":"5948520"},{"fields":[],"objectId":"5948539","subObjectId":"5948521"},{"fields":[],"objectId":"5948539","subObjectId":"5948522"},{"fields":[],"objectId":"5948540","subObjectId":"-1"},{"fields":[],"objectId":"5948540","subObjectId":"5948523"},{"fields":[],"objectId":"5948540","subObjectId":"5948524"},{"fields":[],"objectId":"5948540","subObjectId":"5948530"},{"fields":[],"objectId":"5948540","subObjectId":"5948529"},{"fields":[],"objectId":"5948540","subObjectId":"5948528"},{"fields":[],"objectId":"5948540","subObjectId":"5948525"},{"fields":[],"objectId":"5948540","subObjectId":"5948526"},{"fields":[],"objectId":"5948540","subObjectId":"5948531"},{"fields":[],"objectId":"5948540","subObjectId":"5948527"},{"fields":[],"objectId":"5948540","subObjectId":"5948533"},{"fields":[],"objectId":"5948540","subObjectId":"5948532"},{"fields":[],"objectId":"5948540","subObjectId":"5948534"},{"fields":[],"objectId":"5948540","subObjectId":"5948535"},{"fields":[],"objectId":"5948540","subObjectId":"5948536"},{"fields":[],"objectId":"5948541","subObjectId":"-1"},{"fields":[],"objectId":"5948542","subObjectId":"-1"},{"fields":[],"objectId":"5948543","subObjectId":"-1"},{"fields":[],"objectId":"5948544","subObjectId":"-1"},{"fields":[],"objectId":"5948545","subObjectId":"-1"},{"fields":[],"objectId":"5948546","subObjectId":"-1"},{"fields":[],"objectId":"5948547","subObjectId":"-1"},{"fields":[],"objectId":"5948548","subObjectId":"-1"}],"type":"FieldLabel"},{"rows":[{"fields":[],"objectId":"5948558","subObjectId":"-1"},{"fields":[],"objectId":"20","subObjectId":"-1"}],"type":"ViewName"},{"rows":[{"fields":[],"objectId":"5948550","subObjectId":"-1"},{"fields":[],"objectId":"5948551","subObjectId":"-1"},{"fields":[],"objectId":"5948552","subObjectId":"-1"}],"type":"StatusState"},{"rows":[{"fields":[],"objectId":"5948555","subObjectId":"-1"},{"fields":[],"objectId":"5948556","subObjectId":"-1"}],"type":"StatusAction"},{"rows":[],"type":"CategoryName"}]},"schema":{"groups":[],"revision":null,"subTable":{},"table":{"fieldList":{"5948492":{"id":"5948492","label":"Record number","properties":{"noLabel":"false","required":"true"},"type":"RECORD_ID","var":"Record_number"},"5948493":{"id":"5948493","label":"Updated by","properties":{"noLabel":"false","required":"true"},"type":"MODIFIER","var":"Updated_by"},"5948494":{"id":"5948494","label":"Created by","properties":{"noLabel":"false","required":"true"},"type":"CREATOR","var":"Created_by"},"5948495":{"id":"5948495","label":"Updated datetime","properties":{"noLabel":"false","required":"true"},"type":"MODIFIED_AT","var":"Updated_datetime"},"5948496":{"id":"5948496","label":"Created datetime","properties":{"noLabel":"false","required":"true"},"type":"CREATED_AT","var":"Created_datetime"},"5948497":{"id":"5948497","label":"Status","properties":{"noLabel":"false","required":"false"},"type":"STATUS","var":"Status"},"5948498":{"id":"5948498","label":"Assignee","properties":{"noLabel":"false","required":"false"},"type":"STATUS_ASSIGNEE","var":"Assignee"},"5948499":{"id":"5948499","label":"Categories","properties":{"noLabel":"false","required":"false"},"type":"CATEGORY","var":"Categories"},"5948500":{"id":"5948500","label":"Name","properties":{"defaultValue":"","expression":"","hideExpression":"false","max":null,"min":null,"noLabel":"false","required":"false","unique":"false"},"type":"SINGLE_LINE_TEXT","var":"name"},"5948501":{"id":"5948501","label":"Activity","properties":{"defaultValue":"","noLabel":"false","required":"false"},"type":"EDITOR","var":"Activity"},"5948502":{"id":"5948502","label":"favorite sport","properties":{"defaultValue":"","noLabel":"false","required":"false"},"type":"MULTIPLE_LINE_TEXT","var":"favorite_sport"},"5948503":{"id":"5948503","label":"weight(kg)","properties":{"defaultValue":null,"digit":"true","displayScale":null,"max":null,"min":null,"noLabel":"false","required":"false","roundingMode":null,"scale":null,"unique":"false","unit":"","unitPosition":"BEFORE"},"type":"DECIMAL","var":"weight"},"5948504":{"id":"5948504","label":"BMI","properties":{"displayScale":"2","expression":"(weight)/((height * 0.01)*(height * 0.01))","format":"DAY_HOUR_MINUTE","hideExpression":"false","noLabel":"false","required":"false","roundingMode":null,"scale":null,"unit":"","unitPosition":"BEFORE"},"type":"CALC","var":"bmi"},"5948505":{"id":"5948505","label":"height(cm)","properties":{"defaultValue":null,"digit":"true","displayScale":null,"max":null,"min":null,"noLabel":"false","required":"false","roundingMode":null,"scale":null,"unique":"false","unit":"","unitPosition":"BEFORE"},"type":"DECIMAL","var":"height"},"5948537":{"id":"5948537","label":"Sex","properties":{"defaultValue":"5948506","noLabel":"false","options":[{"id":"5948506","label":"male","valid":true},{"id":"5948507","label":"female","valid":true},{"id":"5948508","label":"other","valid":true}],"required":"true"},"type":"SINGLE_CHECK","var":"sex"},"5948538":{"id":"5948538","label":"diet","properties":{"defaultValue":[],"noLabel":"false","options":[{"id":"5948509","label":"Yes","valid":true},{"id":"5948510","label":"No","valid":true}],"required":"false"},"type":"MULTIPLE_CHECK","var":"diet"},"5948539":{"id":"5948539","label":"target","properties":{"defaultValue":[],"noLabel":"false","options":[{"id":"5948514","label":"Arm","valid":true},{"id":"5948519","label":"Body","valid":true},{"id":"5948520","label":"Leg","valid":true},{"id":"5948521","label":"Stomach","valid":true},{"id":"5948522","label":"Muscle","valid":true}],"required":"false"},"type":"MULTIPLE_SELECT","var":"target"},"5948540":{"id":"5948540","label":"bedtime","properties":{"defaultValue":null,"noLabel":"false","options":[{"id":"5948523","label":"0.5hr","valid":true},{"id":"5948524","label":"1hr","valid":true},{"id":"5948530","label":"1.5hr","valid":true},{"id":"5948529","label":"2hr","valid":true},{"id":"5948528","label":"2.5hr","valid":true},{"id":"5948525","label":"3hr","valid":true},{"id":"5948526","label":"3.5hr","valid":true},{"id":"5948531","label":"4hr","valid":true},{"id":"5948527","label":"4.5hr","valid":true},{"id":"5948533","label":"5hr","valid":true},{"id":"5948532","label":"5.5hr","valid":true},{"id":"5948534","label":"6hr","valid":true},{"id":"5948535","label":"6.5hr","valid":true},{"id":"5948536","label":"7hr\u002B","valid":true}],"required":"false"},"type":"SINGLE_SELECT","var":"bedtime"},"5948541":{"id":"5948541","label":"start date","properties":{"defaultExpression":"NOW","defaultValue":null,"noLabel":"false","required":"false","unique":"false"},"type":"DATE","var":"start_date"},"5948542":{"id":"5948542","label":"start time","properties":{"defaultExpression":"NOW","defaultValue":null,"noLabel":"false","required":"false"},"type":"TIME","var":"start_time"},"5948543":{"id":"5948543","label":"final date","properties":{"defaultExpression":"NOW","defaultValue":null,"noLabel":"false","required":"false","unique":"false"},"type":"DATETIME","var":"final_day"},"5948544":{"id":"5948544","label":"Profile pic","properties":{"noLabel":"false","required":"false","thumbnailSize":"250"},"type":"FILE","var":"profile_pic"},"5948545":{"id":"5948545","label":"phone","properties":{"defaultValue":"","max":null,"min":null,"noLabel":"false","protocol":"CALL","required":"false","unique":"false"},"type":"LINK","var":"phone_number"},"5948546":{"id":"5948546","label":"User","properties":{"defaultEntities":[],"defaultSelect":[],"entities":[],"noLabel":"false","required":"false","select":[]},"type":"USER_SELECT","var":"user"},"5948547":{"id":"5948547","label":"department","properties":{"defaultEntities":[],"defaultSelect":[],"entities":[],"noLabel":"false","required":"false","select":[]},"type":"ORGANIZATION_SELECT","var":"department"},"5948548":{"id":"5948548","label":"Group","properties":{"defaultEntities":[],"defaultSelect":[],"entities":[],"noLabel":"false","required":"false","select":[]},"type":"GROUP_SELECT","var":"group"}},"id":"1","label":"__ROOT__","properties":null,"var":"__ROOT__"}},"settingsNotesForm":{"content":null,"willBeInherited":null},"status":{"actions":[{"app":null,"assignees":[],"filter":"5948553","from":"5948550","fromLabel":null,"id":"5948555","label":"Start","record":null,"revision":null,"to":"5948551","toApprovalType":null,"toLabel":null},{"app":null,"assignees":[],"filter":"5948554","from":"5948551","fromLabel":null,"id":"5948556","label":"Complete","record":null,"revision":null,"to":"5948552","toApprovalType":null,"toLabel":null}],"filters":[{"condition":"","id":"5948553","state":"5948550"},{"condition":"","id":"5948554","state":"5948551"}],"initialStateId":"5948550","states":[{"approvalType":"ONE","assignees":[],"id":"5948550","initial":true,"label":"Not started","valid":true},{"approvalType":"ONE","assignees":[],"id":"5948551","initial":false,"label":"In progress","valid":true},{"approvalType":"ONE","assignees":[],"id":"5948552","initial":false,"label":"Completed","valid":true}],"useStatus":"true"},"uuid":"f192cbf4-1142-46d5-8cc5-52f396f72d00","views":[{"advancedMode":"false","builtinType":"ASSIGN","device":null,"fields":[{"row":[{"columnWidth":null,"id":"5948492"},{"columnWidth":null,"id":"5948500"},{"columnWidth":null,"id":"5948501"},{"columnWidth":null,"id":"5948502"},{"columnWidth":null,"id":"5948503"},{"columnWidth":null,"id":"5948504"},{"columnWidth":null,"id":"5948505"},{"columnWidth":null,"id":"5948537"},{"columnWidth":null,"id":"5948538"},{"columnWidth":null,"id":"5948539"},{"columnWidth":null,"id":"5948540"},{"columnWidth":null,"id":"5948541"},{"columnWidth":null,"id":"5948542"},{"columnWidth":null,"id":"5948543"},{"columnWidth":null,"id":"5948544"},{"columnWidth":null,"id":"5948545"},{"columnWidth":null,"id":"5948546"},{"columnWidth":null,"id":"5948547"},{"columnWidth":null,"id":"5948548"},{"columnWidth":null,"id":"5948497"},{"columnWidth":null,"id":"5948498"}]}],"filter":{"category":null,"offset":null,"order":[],"q":"f5948498 in (LOGINUSER())","size":null,"sort":[]},"html":null,"keyFieldId":null,"name":"(Assigned to me)","pager":null,"revision":null,"titleFieldId":null,"view":"5948558","viewType":"LIST"},{"advancedMode":null,"builtinType":"ALL","device":null,"fields":[{"row":[{"columnWidth":null,"id":"5948492"},{"columnWidth":null,"id":"5948500"},{"columnWidth":null,"id":"5948501"},{"columnWidth":null,"id":"5948502"},{"columnWidth":null,"id":"5948503"},{"columnWidth":null,"id":"5948504"},{"columnWidth":null,"id":"5948505"},{"columnWidth":null,"id":"5948537"},{"columnWidth":null,"id":"5948538"},{"columnWidth":null,"id":"5948539"},{"columnWidth":null,"id":"5948540"},{"columnWidth":null,"id":"5948541"},{"columnWidth":null,"id":"5948542"},{"columnWidth":null,"id":"5948543"},{"columnWidth":null,"id":"5948544"},{"columnWidth":null,"id":"5948545"},{"columnWidth":null,"id":"5948546"},{"columnWidth":null,"id":"5948547"},{"columnWidth":null,"id":"5948548"},{"columnWidth":null,"id":"5948497"},{"columnWidth":null,"id":"5948498"}]}],"filter":{"category":null,"offset":null,"order":[],"q":null,"size":null,"sort":[]},"html":null,"keyFieldId":null,"name":"(All records)","pager":null,"revision":null,"titleFieldId":null,"view":"20","viewType":"LIST"}]}],"description":"","iconKey":"APP89","iconMeta":null,"iconSrcAppId":"f192cbf4-1142-46d5-8cc5-52f396f72d00","iconType":"PRESET","imagesMeta":[],"lookups":[],"name":"Fitness record","references":[],"version":"40"}